"Scope","Item code / drawing code","Item name","Status","Image family","Source"
"Item master","IMP-11","BEARING -32007 (IMP-11)","Product family photo","taper-bearing","https://www.exportersindia.com/product-detail/30209-taper-roller-bearing-9793712282.htm"
"Item master","IMP-8","BEARING - 6307 (IMP-8)","Product family photo","ball-bearing","https://export.rsdelivers.com/product/skf/6309/skf-6309-1-row-ball-bearing-45-mm-id-100-mm-od/2851181"
"Item master","IMP-14","TURBO BEARING 30209 (IMP-14)","Product family photo","taper-bearing","https://www.exportersindia.com/product-detail/30209-taper-roller-bearing-9793712282.htm"
"Item master","IMP-15","TURBO BEARING 30210 (IMP-15)","Product family photo","taper-bearing","https://www.exportersindia.com/product-detail/30209-taper-roller-bearing-9793712282.htm"
"Item master","IMP-16","TURBO BEARING 6309 (IMP-16)","Product family photo","ball-bearing","https://export.rsdelivers.com/product/skf/6309/skf-6309-1-row-ball-bearing-45-mm-id-100-mm-od/2851181"
"Item master","IMP-17","TURBO BEARING 6311 (IMP-17)","Product family photo","ball-bearing","https://export.rsdelivers.com/product/skf/6309/skf-6309-1-row-ball-bearing-45-mm-id-100-mm-od/2851181"
"Item master","IMP-18","ROTARY HOES C TYPE DELTAVATOR 12X44 MINI 6 MM (IMP-18)","Product family photo","blade-c","https://www.fieldking.com/blogs/rotavator-blades/"
"Item master","IMP-19","ROTARY HOES L AND C TYPES (14x57) BLACK GLOSS (IMP-19)","Product family photo","blade-l","https://www.fieldking.com/blogs/rotavator-blades/"
"Item master","IMP-28","PIPE CLAMP 76MM BOTTOM S.GI (IMP-28)","Product family photo","pipe-clamp","https://www.tradeindia.com/products/excellent-quality-rotavator-pipe-clamp-4779942.html"
"Item master","IMP-29","PIPE CLAMP 76MM TOP S.GI (IMP-29)","Product family photo","pipe-clamp","https://www.tradeindia.com/products/excellent-quality-rotavator-pipe-clamp-4779942.html"
"Item master","IMP-31","PIPE CLAMP 90MM BOTTOM S.GI (IMP-31)","Product family photo","pipe-clamp","https://www.tradeindia.com/products/excellent-quality-rotavator-pipe-clamp-4779942.html"
"Item master","IMP-33","PIPE CLAMP 90MM TOP S.GI (IMP-33)","Product family photo","pipe-clamp","https://www.tradeindia.com/products/excellent-quality-rotavator-pipe-clamp-4779942.html"
"Item master","IMP-35","120MM INTERNAL CIRCLIP (IMP-35)","Product family photo","internal-circlip","https://kalotiindia.com/product/internal-circlip-din472-is3075-2-b-type/"
"Item master","IMP-37","45MM EXTERNAL CIRCLIP (IMP-37)","Product family photo","external-circlip","https://kalotiindia.com/product/external-circlip-din471-is3075-1-a-type/"
"Item master","IMP-38","85MM INTERNAL CIRCLIP (IMP-38)","Product family photo","internal-circlip","https://kalotiindia.com/product/internal-circlip-din472-is3075-2-b-type/"
"Item master","IMP-39","90MM INTERNAL CIRCLIP (IMP-39)","Product family photo","internal-circlip","https://kalotiindia.com/product/internal-circlip-din472-is3075-2-b-type/"
"Item master","IMP-43","INTERNAL CIRCLIP B 62 (IMP-43)","Product family photo","internal-circlip","https://kalotiindia.com/product/internal-circlip-din472-is3075-2-b-type/"
"Item master","IMP-44","DELTAVATOR DAMPER ASSEMBLY (IMP-44)","Product family photo","damper","https://reroshan.com/products/240"
"Item master","IMP-45","LEADER DAMPER SPRING ASSEMBLY (IMP-45)","Product family photo","damper","https://reroshan.com/products/240"
"Item master","","23-TEETH GEAR SPACER  [DELTAVATOR]","Photo pending","spacer","Photo pending · Illustrative shape based on the component name"
"Item master","","BUSH 55 MM FP13 S2/S3/S4/S5","Photo pending","bush","Photo pending · Illustrative shape based on the component name"
"Item master","","CLEVIS BRACKET BACK PLATE (SINGLE PC) FP15 S1/S2/S3","Product family photo","clevis-back","https://www.agrodrag.com/"
"Item master","","CLEVIS BRACKET FRONT PLATE (SINGLE PC) FP14 S1/S2/S3","Product family photo","clevis-plate","https://reroshan.com/products/305"
"Item master","","DEPTH SKID BOTTOM PATTA (SINGLE PC) FP9 S1","Product family photo","skid-bottom","https://reroshan.com/products/285"
"Item master","","DEPTH SKID BOTTOM PATTA (SINGLE PC) FP9 S2/S3","Product family photo","skid-bottom","https://reroshan.com/products/285"
"Item master","","DEPTH SKID LH FP7 S1","Product family photo","depth-skid","https://reroshan.com/products/284"
"Item master","","DEPTH SKID LH FP7 S2/S3","Product family photo","depth-skid","https://reroshan.com/products/284"
"Item master","","DEPTH SKID RH FP8 S1","Product family photo","depth-skid","https://reroshan.com/products/284"
"Item master","","DEPTH SKID RH FP8 S2/S3","Product family photo","depth-skid","https://reroshan.com/products/284"
"Item master","","INPUT SHAFT SHIELD","Photo pending","cover","Photo pending · Illustrative shape based on the component name"
"Item master","","NAMASTE PATTA SPACER [DELTAVATOR]","Photo pending","spacer","Photo pending · Illustrative shape based on the component name"
"Item master","","RD AXLE SPACER  [DELTAVATOR]","Photo pending","spacer","Photo pending · Illustrative shape based on the component name"
"Item master","","STUB AXLE SPACER  [DELTAVATOR]","Photo pending","spacer","Photo pending · Illustrative shape based on the component name"
"Item master","IMP-54","HHB M12X1.75X50 (10.9) (IMP-54)","Product family photo","hex-bolt","https://kalotiindia.com/product/8-8-grade-hex-head-bolt-black-finish-din-931-is-1364-1967/"
"Item master","IMP-55","HHB M12X1.75X60 (10.9) (IMP-55)","Product family photo","hex-bolt","https://kalotiindia.com/product/8-8-grade-hex-head-bolt-black-finish-din-931-is-1364-1967/"
"Item master","IMP-56","HHB M12X1.75X70 (10.9) (IMP-56)","Product family photo","hex-bolt","https://kalotiindia.com/product/8-8-grade-hex-head-bolt-black-finish-din-931-is-1364-1967/"
"Item master","IMP-58","HHB M14X1.5X40 (10.9) (IMP-58)","Product family photo","hex-bolt","https://kalotiindia.com/product/8-8-grade-hex-head-bolt-black-finish-din-931-is-1364-1967/"
"Item master","IMP-60","HHB M14X1.5X50 (10.9) (IMP-60)","Product family photo","hex-bolt","https://kalotiindia.com/product/8-8-grade-hex-head-bolt-black-finish-din-931-is-1364-1967/"
"Item master","IMP-278","HHB M14X1.5X55 (10.9) - BLACK (IMP-278)","Product family photo","hex-bolt","https://kalotiindia.com/product/8-8-grade-hex-head-bolt-black-finish-din-931-is-1364-1967/"
"Item master","IMP-62","HHB M16X2.0X100 (10.9) (IMP-62)","Product family photo","hex-bolt","https://kalotiindia.com/product/8-8-grade-hex-head-bolt-black-finish-din-931-is-1364-1967/"
"Item master","IMP-67","HHB M16X2X130 (10.9) (IMP-67)","Product family photo","hex-bolt","https://kalotiindia.com/product/8-8-grade-hex-head-bolt-black-finish-din-931-is-1364-1967/"
"Item master","IMP-66","HHB M16x2.0x80.0 (10.9) (IMP-66)","Product family photo","hex-bolt","https://kalotiindia.com/product/8-8-grade-hex-head-bolt-black-finish-din-931-is-1364-1967/"
"Item master","IMP-68","HHS M10X1.25X30 (8.8) (IMP-68)","Product family photo","hex-screw","https://kalotiindia.com/product/8-8-grade-hex-head-screws-black-finish-din-933-is-1364-1967/"
"Item master","IMP-69","HHS M10x1.5x20 (8.8) (IMP-69)","Product family photo","hex-screw","https://kalotiindia.com/product/8-8-grade-hex-head-screws-black-finish-din-933-is-1364-1967/"
"Item master","IMP-70","HHS M10X1.5X25 (8.8) (IMP-70)","Product family photo","hex-screw","https://kalotiindia.com/product/8-8-grade-hex-head-screws-black-finish-din-933-is-1364-1967/"
"Item master","IMP-71","HHS M10X1.5X30 (8.8) (IMP-71)","Product family photo","hex-screw","https://kalotiindia.com/product/8-8-grade-hex-head-screws-black-finish-din-933-is-1364-1967/"
"Item master","IMP-72","HHS M10x1.5x35 (8.8) (IMP-72)","Product family photo","hex-screw","https://kalotiindia.com/product/8-8-grade-hex-head-screws-black-finish-din-933-is-1364-1967/"
"Item master","IMP-74","HHS M12X1.25X40 (8.8) (IMP-74)","Product family photo","hex-screw","https://kalotiindia.com/product/8-8-grade-hex-head-screws-black-finish-din-933-is-1364-1967/"
"Item master","IMP-75","HHS M12X1.5X35 (10.9) (IMP-75)","Product family photo","hex-screw","https://kalotiindia.com/product/8-8-grade-hex-head-screws-black-finish-din-933-is-1364-1967/"
"Item master","IMP-76","HHS M12X1.75X30 (8.8) (IMP-76)","Product family photo","hex-screw","https://kalotiindia.com/product/8-8-grade-hex-head-screws-black-finish-din-933-is-1364-1967/"
"Item master","IMP-277","HHS M12X1.75X35 (8.8) - GREEN (IMP-277)","Product family photo","hex-screw","https://kalotiindia.com/product/8-8-grade-hex-head-screws-black-finish-din-933-is-1364-1967/"
"Item master","IMP-77","HHS M12X1.75X40 (10.9) (IMP-77)","Product family photo","hex-screw","https://kalotiindia.com/product/8-8-grade-hex-head-screws-black-finish-din-933-is-1364-1967/"
"Item master","IMP-78","HHS M12X1.75X45 (10.9) (IMP-78)","Product family photo","hex-screw","https://kalotiindia.com/product/8-8-grade-hex-head-screws-black-finish-din-933-is-1364-1967/"
"Item master","IMP-80","HHS M14X1.5X30 (10.9) (IMP-80)","Product family photo","hex-screw","https://kalotiindia.com/product/8-8-grade-hex-head-screws-black-finish-din-933-is-1364-1967/"
"Item master","IMP-81","HHS M14X1.5X35 (10.9) (IMP-81)","Product family photo","hex-screw","https://kalotiindia.com/product/8-8-grade-hex-head-screws-black-finish-din-933-is-1364-1967/"
"Item master","IMP-82","HHS M16X1.5X30 (10.9) (IMP-82)","Product family photo","hex-screw","https://kalotiindia.com/product/8-8-grade-hex-head-screws-black-finish-din-933-is-1364-1967/"
"Item master","IMP-83","HHS M16X1.5X35 (10.9) (IMP-83)","Product family photo","hex-screw","https://kalotiindia.com/product/8-8-grade-hex-head-screws-black-finish-din-933-is-1364-1967/"
"Item master","IMP-84","HHS M16X2.0X40 (10.9) (IMP-84)","Product family photo","hex-screw","https://kalotiindia.com/product/8-8-grade-hex-head-screws-black-finish-din-933-is-1364-1967/"
"Item master","IMP-89","HITCH PIN 25MM (IMP-89)","Product family photo","hitch-pin","https://asints.com/products/tractor-linkage-parts/"
"Item master","IMP-90","HITCH PIN 28MM (IMP-90)","Product family photo","hitch-pin","https://asints.com/products/tractor-linkage-parts/"
"Item master","IMP-91","LINCH PIN 6mm DI (IMP-91)","Product family photo","linch-pin","https://asints.com/products/tractor-linkage-parts/"
"Item master","IMP-92","LINCH PIN B-275 BIG (IMP-92)","Product family photo","linch-pin","https://asints.com/products/tractor-linkage-parts/"
"Item master","IMP-93","LINCH PIN SQUARE 9.4X70MM (IMP-93)","Product family photo","square-linch-pin","https://asints.com/products/tractor-linkage-parts/"
"Item master","IMP-95","SPLIT PIN (CUTTER PIN) - 5/32X3'' (IMP-95)","Product family photo","split-pin","https://kalotiindia.com/product/split-pin/"
"Item master","IMP-96","SPRING WASHER M10 (IMP-96)","Product family photo","spring-washer","https://kalotiindia.com/product/spring-washer-flat-section-din127b/"
"Item master","IMP-97","SPRING WASHER M12 (IMP-97)","Product family photo","spring-washer","https://kalotiindia.com/product/spring-washer-flat-section-din127b/"
"Item master","IMP-98","SPRING WASHER M14 (IMP-98)","Product family photo","spring-washer","https://kalotiindia.com/product/spring-washer-flat-section-din127b/"
"Item master","IMP-99","SPRING WASHER M16 (IMP-99)","Product family photo","spring-washer","https://kalotiindia.com/product/spring-washer-flat-section-din127b/"
"Item master","IMP-100","STAR CAP (IMP-100)","Product family photo","end-cover","https://reroshan.com/products/182"
"Item master","IMP-101","STUB COVER O RING 115X3 (IMP-101)","Product family photo","o-ring","https://www.p-lindberg.no/o-ring-112x3-55-9055518/"
"Item master","IMP-102","SUNLOCK NUT M10x1.5 (IMP-102)","Product family photo","lock-nut","https://kalotiindia.com/product/stainless-steel-nylock-nut/"
"Item master","IMP-103","SUNLOCK NUT M12X1.5 (IMP-103)","Product family photo","lock-nut","https://kalotiindia.com/product/stainless-steel-nylock-nut/"
"Item master","IMP-104","SUNLOCK NUT M12X1.75 (IMP-104)","Product family photo","lock-nut","https://kalotiindia.com/product/stainless-steel-nylock-nut/"
"Item master","IMP-105","SUNLOCK NUT M14x1.5 (IMP-105)","Product family photo","lock-nut","https://kalotiindia.com/product/stainless-steel-nylock-nut/"
"Item master","IMP-107","SUNLOCK NUT M16X2.0 (IMP-107)","Product family photo","lock-nut","https://kalotiindia.com/product/stainless-steel-nylock-nut/"
"Item master","IMP-195","35MM CASTLE LOCK NUT (IMP-195)","Product family photo","castle-nut","https://reroshan.com/products/215"
"Item master","IMP-111","20 HOLE EMPEROR GASKET (IMP-111)","Product family photo","gear-gasket","https://reroshan.com/products/359"
"Item master","IMP-112","35-TEETH GEAR SHIM (IMP-112)","Product family photo","plain-washer","https://kalotiindia.com/product/flat-punched-washer-grade-300hv/"
"Item master","IMP-113","36-TEETH GEAR SHIM (IMP-113)","Product family photo","plain-washer","https://kalotiindia.com/product/flat-punched-washer-grade-300hv/"
"Item master","IMP-342","7 Holes Idler Axle Gasket - Deltavator (IMP-342)","Product family photo","idler-gasket","https://reroshan.com/products/378"
"Item master","IMP-122","DOWTY WASHER 1/4"" (IMP-122)","Product family photo","dowty","https://reroshan.com/products/tt-903-dowty-washer-m-8-blue-copy"
"Item master","IMP-123","DOWTY WASHER -M10 (IMP-123)","Product family photo","dowty","https://reroshan.com/products/tt-903-dowty-washer-m-8-blue-copy"
"Item master","IMP-125","GEAR BOX BACK DOOR GASKET GNA [AG] (IMP-125)","Product family photo","gearbox-gasket","https://reroshan.com/products/379"
"Item master","IMP-130","GEARBOX BACK DOOR GASKET RUBBER [AG] (IMP-130)","Product family photo","gearbox-gasket","https://reroshan.com/products/379"
"Item master","IMP-126","GEAR COVER GASKET 20 HOLES - LEADER (IMP-126)","Product family photo","gear-gasket","https://reroshan.com/products/359"
"Item master","IMP-134","IDLER AXLE GASKET 5 HOLE (IMP-134)","Product family photo","idler-gasket","https://reroshan.com/products/378"
"Item master","IMP-135","IDLER AXLE GASKET 8 HOLE (IMP-135)","Product family photo","idler-gasket","https://reroshan.com/products/378"
"Item master","IMP-136","OUTPUT SHAFT GASKET (IMP-136)","Product family photo","output-gasket","https://reroshan.com/products/380"
"Item master","IMP-325","OUTPUT SHAFT GASKET [DELTAVATOR] (IMP-325)","Product family photo","output-gasket","https://reroshan.com/products/380"
"Item master","IMP-138","RD HOUSING GASKET (IMP-138)","Product family photo","rd-gasket","https://reroshan.com/products/376"
"Item master","IMP-333","RD HOUSING GASKET [DELTAVATOR] (IMP-333)","Product family photo","rd-gasket","https://reroshan.com/products/376"
"Item master","IMP-143","STUB HOUSING GASKET (IMP-143)","Product family photo","stub-gasket","https://reroshan.com/products/377"
"Item master","IMP-334","STUB HOUSING GASKET [DELTAVATOR] (IMP-334)","Product family photo","stub-gasket","https://reroshan.com/products/377"
"Item master","IMP-144","GEAR 20TEETH 30MM LEADER AG (IMP-144)","Product family photo","gear-20","https://www.styronagparts.com/products/driving-gear-z-20-4724886.html"
"Item master","IMP-145","GEAR 21TEETH 35MM EMPEROR AG (IMP-145)","Product family photo","gear-21","https://reroshan.com/products/168"
"Item master","IMP-146","GEAR 23 TEETH DELTAVATOR AG (IMP-146)","Product family photo","gear-23","https://reroshan.com/products/128"
"Item master","IMP-148","GEAR 28TEETH 30MM LEADER AG (IMP-148)","Product family photo","gear-28","https://reroshan.com/products/146"
"Item master","IMP-149","GEAR 28TEETH 35MM EMPEROR AG (IMP-149)","Product family photo","gear-28","https://reroshan.com/products/146"
"Item master","IMP-150","GEAR 30 TEETH DELTAVATOR AG (IMP-150)","Product family photo","gear-30","https://reroshan.com/products/129"
"Item master","IMP-153","GEAR 35TEETH 30MM LEADER AG (IMP-153)","Product family photo","gear-35","https://reroshan.com/products/120"
"Item master","IMP-152","GEAR 35 TEETH DELTAVATOR AG (IMP-152)","Product family photo","gear-35","https://reroshan.com/products/120"
"Item master","IMP-154","GEAR 36TEETH 35MM EMPEROR AG (IMP-154)","Product family photo","gear-36","https://reroshan.com/products/154"
"Item master","IMP-315","DELTAVATOR RD HOUSING (AG) (IMP-315)","Product family photo","rd-housing","https://reroshan.com/products/179"
"Item master","IMP-317","DELTAVATOR STUB AXEL (AG) (IMP-317)","Product family photo","stub-axle","https://reroshan.com/products/174"
"Item master","IMP-316","DELTAVATOR STUB HOUSING (AG) (IMP-316)","Product family photo","stub-housing","https://reroshan.com/products/181"
"Item master","IMP-322","DUCON SLEEVE W/O RING RD AXLE L/S 6307 SM SAP (IMP-322)","Product family photo","sleeve","https://reroshan.com/products/230"
"Item master","IMP-181","IDLER AXLE 5HOLE (IMP-181)","Product family photo","idler-axle","https://reroshan.com/products/177"
"Item master","IMP-182","IDLER AXLE 8 HOLE (IMP-182)","Product family photo","idler-axle","https://reroshan.com/products/177"
"Item master","IMP-184","IDLER AXLE LW PADDY BULL 7 HOLES (IMP-184)","Product family photo","idler-axle","https://reroshan.com/products/177"
"Item master","IMP-188","RD AXLE AG (IMP-188)","Product family photo","rd-axle","https://reroshan.com/products/171"
"Item master","IMP-189","RD AXLE LW PADDY BULL HOLE - M14 (IMP-189)","Product family photo","rd-axle","https://reroshan.com/products/171"
"Item master","IMP-190","RD HOUSING (IMP-190)","Product family photo","rd-housing","https://reroshan.com/products/179"
"Item master","IMP-193","STUB AXLE (IMP-193)","Product family photo","stub-axle","https://reroshan.com/products/174"
"Item master","IMP-273","STUB HOUSING (IMP-273)","Product family photo","stub-housing","https://reroshan.com/products/181"
"Item master","IMP-167","13,23 GEAR BOX 4 FEET S/ SPEED N/M SM 90mm (AG) (IMP-167)","Product family photo","single-gearbox","https://www.onkaragro.com/gearboxes/rotavator-gearbox-single-speed"
"Item master","IMP-162","13,23 GEAR BOX 5 FEET MULTI SPEED 90MM (AG) (IMP-162)","Product family photo","multi-gearbox","https://jdagrigears.in/?page_id=1158"
"Item master","IMP-166","13,23 GEAR BOX 5 FEET MULTI SPEED MINISTER (AG) (IMP-166)","Product family photo","multi-gearbox","https://jdagrigears.in/?page_id=1158"
"Item master","IMP-165","13,23 GEAR BOX 6 FEET SINGLE SPEED 90MM (AG) (IMP-165)","Product family photo","single-gearbox","https://www.onkaragro.com/gearboxes/rotavator-gearbox-single-speed"
"Item master","IMP-164","13,23 GEAR BOX 6 FEET MULTI SPEED 90MM (AG) (IMP-164)","Product family photo","multi-gearbox","https://jdagrigears.in/?page_id=1158"
"Item master","IMP-161","13,23 GEAR BOX 6 FEET MULTI SPEED 90MM MINISTER (AG) (IMP-161)","Product family photo","multi-gearbox","https://jdagrigears.in/?page_id=1158"
"Item master","IMP-168","13,23 GEAR BOX 7 FEET MULTI SPEED 90MM (AG) (IMP-168)","Product family photo","multi-gearbox","https://jdagrigears.in/?page_id=1158"
"Item master","IMP-170","13,25 GEAR BOX 7 FEET SINGLE SPEED 76MM DELTAVATOR (AG) (IMP-170)","Product family photo","single-gearbox","https://www.onkaragro.com/gearboxes/rotavator-gearbox-single-speed"
"Item master","IMP-194","20 HOLE EMPEROR GEAR COVER (IMP-194)","Product family photo","gear-cover","https://codelba.com.mx/products/tapa-lateral-engranaje-rotovator"
"Item master","IMP-197","40MM CASTLE LOCK NUT (IMP-197)","Product family photo","castle-nut","https://reroshan.com/products/215"
"Item master","IMP-320","35x72x10 OIL SEAL (IMP-320)","Product family photo","oil-seal","https://shop.bushhog.com/oil-seal-double-lip-45x85x10"
"Item master","IMP-213","DUCON SLEEVE W/O RING RD AXLE L/S 6311SM SAP (IMP-213)","Product family photo","sleeve","https://reroshan.com/products/230"
"Item master","IMP-214","DUCON SLV W/O RING DEAD AXLE L/S 6309 SM SAP (IMP-214)","Product family photo","sleeve","https://reroshan.com/products/230"
"Item master","IMP-324","M12-O""RING (IMP-324)","Product family photo","o-ring","https://www.p-lindberg.no/o-ring-112x3-55-9055518/"
"Item master","IMP-218","OIL SEAL 35X80X10 (IMP-218)","Product family photo","oil-seal","https://shop.bushhog.com/oil-seal-double-lip-45x85x10"
"Item master","IMP-219","OIL SEAL 35X85X10 INPUT SHAFT SEAL (IMP-219)","Product family photo","oil-seal","https://shop.bushhog.com/oil-seal-double-lip-45x85x10"
"Item master","IMP-217","OIL  SEAL 45-85-10 (IMP-217)","Product family photo","oil-seal","https://shop.bushhog.com/oil-seal-double-lip-45x85x10"
"Item master","IMP-220","OR 148,82X3,53-NBR 70 (RD-HOUSING O-RING DELTA) (IMP-220)","Product family photo","o-ring","https://www.p-lindberg.no/o-ring-112x3-55-9055518/"
"Item master","IMP-221","OR 85.32-NBR 70 (STUB-HOUSING O-RING DELTA) (IMP-221)","Product family photo","o-ring","https://www.p-lindberg.no/o-ring-112x3-55-9055518/"
"Item master","IMP-222","OR 94.84-NBR 70 (STUB-HOUSING O-RING DELTA) (IMP-222)","Product family photo","o-ring","https://www.p-lindberg.no/o-ring-112x3-55-9055518/"
"Item master","IMP-323","DELTAVATOR DUST COVER RH (IMP-323)","Product family photo","dust-large","https://reroshan.com/products/275"
"Item master","IMP-47","DUST COVER LH (IMP-47)","Product family photo","dust-small","https://reroshan.com/products/276"
"Item master","IMP-48","DUST COVER RH (IMP-48)","Product family photo","dust-large","https://reroshan.com/products/275"
"Item master","IMP-310","MASCHIO OIL CUP (IMP-310)","Photo pending","breather","Photo pending · Illustrative shape based on the component name"
"Item master","IMP-246","AIR BREATHER (IMP-246)","Product family photo","breather","https://reroshan.com/products/234"
"Item master","IMP-249","GEAR COVER - LEADER (AG) (IMP-249)","Product family photo","gear-cover","https://codelba.com.mx/products/tapa-lateral-engranaje-rotovator"
"Item master","IMP-250","GEAR COVER OIL DRAIN BOLT 1/4"" (IMP-250)","Product family photo","drain-plug","https://bszfarmer.hu/kf-04-olajzaro-csavar-fem-szentkiralyi-rotacios-kapahoz-49044"
"Item master","IMP-251","GEAR COVER OIL LEVEL BOLT 1/2"" (IMP-251)","Product family photo","drain-plug","https://bszfarmer.hu/kf-04-olajzaro-csavar-fem-szentkiralyi-rotacios-kapahoz-49044"
"Item master","IMP-253","NEW LEVEL TYPE BREATHER (IMP-253)","Product family photo","breather-level","https://reroshan.com/products/236"
"Item master","IMP-254","SIDE COVER ADAPTER-BIG (IMP-254)","Photo pending","spacer","Photo pending · Illustrative shape based on the component name"
"Item master","IMP-255","SIDE COVER ADAPTER-SMALL (IMP-255)","Photo pending","spacer","Photo pending · Illustrative shape based on the component name"
"Item master","","PTO shaft","Product family photo","pto","https://reroshan.com/products/30"
"Item master","","Sticker kit","Photo pending","label","Photo pending · Illustrative shape based on the component name"
"Item master","","Name plate","Photo pending","label","Photo pending · Illustrative shape based on the component name"
"Fabrication","FP1","HULL FRAME","Photo pending","frame","Photo pending · Illustrative shape based on the component name"
"Fabrication","FP2","TRAILING BOARD","Photo pending","plate","Photo pending · Illustrative shape based on the component name"
"Fabrication","FP3","SIDE PLATE LH","Product family photo","side-plate","https://dittogold.com/rotavator-side-plate/"
"Fabrication","FP4","SIDE PLATE RH","Product family photo","side-plate","https://dittogold.com/rotavator-side-plate/"
"Fabrication","FP5","ROTOR","Photo pending","shaft","Photo pending · Illustrative shape based on the component name"
"Fabrication","FP6","FULL HOUSING PIPE","Photo pending","housing","Photo pending · Shaktiman catalogue reference, PDF page 11, position 15"
"Fabrication","FP7","DEPTH SKID-LH","Product family photo","depth-skid","https://reroshan.com/products/284"
"Fabrication","FP8","DEPTH SKID-RH","Product family photo","depth-skid","https://reroshan.com/products/284"
"Fabrication","FP9","DEPTH SKID BOTTOM PATTA  set of 2","Product family photo","skid-bottom","https://reroshan.com/products/285"
"Fabrication","FP10","NAMASTE PATTA  set of 4 or 8","Product family photo","o-ring","https://www.p-lindberg.no/o-ring-112x3-55-9055518/"
"Fabrication","FP11","STAND","Photo pending","skid","Photo pending · Illustrative shape based on the component name"
"Fabrication","FP12","T.B.ROD set of 2 or 1 single pc","Product family photo","o-ring","https://www.p-lindberg.no/o-ring-112x3-55-9055518/"
"Fabrication","FP13","BUSH-55MM SET OF 1","Photo pending","bush","Photo pending · Illustrative shape based on the component name"
"Fabrication","FP14","CLEVIS BRACKET FRONT PLATE set of 2","Product family photo","clevis-plate","https://reroshan.com/products/305"
"Fabrication","FP15","CLEVIS BRACKET BACK PLATE set of 2","Product family photo","clevis-back","https://www.agrodrag.com/"
"Fabrication","FP18","top master left - set of 01","Photo pending","frame","Photo pending · Illustrative shape based on the component name"
"Fabrication","FP19","top master right - set of 01","Photo pending","frame","Photo pending · Illustrative shape based on the component name"
"Fabrication","","BUSH-38MM - set of 04","Photo pending","bush","Photo pending · Illustrative shape based on the component name"
"Fabrication","FP13","BUSH 55 MM FP13 S2/S3/S4/S5","Photo pending","bush","Photo pending · Illustrative shape based on the component name"
"Fabrication","FP15","CLEVIS BRACKET BACK PLATE (SINGLE PC) FP15 S1/S2/S3","Product family photo","clevis-back","https://www.agrodrag.com/"
"Fabrication","FP14","CLEVIS BRACKET FRONT PLATE (SINGLE PC) FP14 S1/S2/S3","Product family photo","clevis-plate","https://reroshan.com/products/305"
"Fabrication","FP9","DEPTH SKID BOTTOM PATTA (SINGLE PC) FP9 S1","Product family photo","skid-bottom","https://reroshan.com/products/285"
"Fabrication","FP7","DEPTH SKID LH FP7 S1","Product family photo","depth-skid","https://reroshan.com/products/284"
"Fabrication","FP8","DEPTH SKID RH FP8 S1","Product family photo","depth-skid","https://reroshan.com/products/284"
"Fabrication","","INPUT SHAFT SHIELD","Photo pending","cover","Photo pending · Illustrative shape based on the component name"
"Fabrication","FP16","top link patta big set of 2","Photo pending","plate","Photo pending · Illustrative shape based on the component name"
"Fabrication","FP17","top link patta small set of 2","Photo pending","plate","Photo pending · Illustrative shape based on the component name"
"Fabrication","","SIDE STAND HOLDER","Photo pending","skid","Photo pending · Illustrative shape based on the component name"
"Fabrication","","MUD FLAP - LH","Photo pending","plate","Photo pending · Illustrative shape based on the component name"
"Fabrication","","MUD FLAP - RH","Photo pending","plate","Photo pending · Illustrative shape based on the component name"
"Fabrication","FP9","DEPTH SKID BOTTOM PATTA (SINGLE PC) FP9 S2/S3","Product family photo","skid-bottom","https://reroshan.com/products/285"
"Fabrication","FP7","DEPTH SKID LH FP7 S2/S3","Product family photo","depth-skid","https://reroshan.com/products/284"
"Fabrication","FP8","DEPTH SKID RH FP8 S2/S3","Product family photo","depth-skid","https://reroshan.com/products/284"
"Fabrication","","23-TEETH GEAR SPACER  [DELTAVATOR]","Photo pending","spacer","Photo pending · Illustrative shape based on the component name"
"Fabrication","","NAMASTE PATTA SPACER [DELTAVATOR]","Photo pending","spacer","Photo pending · Illustrative shape based on the component name"
"Fabrication","","RD AXLE SPACER  [DELTAVATOR]","Photo pending","spacer","Photo pending · Illustrative shape based on the component name"
"Fabrication","","STUB AXLE SPACER  [DELTAVATOR]","Photo pending","spacer","Photo pending · Illustrative shape based on the component name"
"Fabrication","","T.B-STOPPER - LH","Photo pending","plate","Photo pending · Illustrative shape based on the component name"
"Fabrication","","T.B-STOPPER - RH","Photo pending","plate","Photo pending · Illustrative shape based on the component name"
"Fabrication","","STUB HOUSING OIL CUP","Photo pending","housing","Photo pending · Shaktiman catalogue reference, PDF page 11, position 15"
"Fabrication","","PIPE CLAMP (TOP)","Product family photo","pipe-clamp","https://www.tradeindia.com/products/excellent-quality-rotavator-pipe-clamp-4779942.html"
